Window,A,B,Entry Signal Date,Entry Date,Direction,Entry Signal z,Entry z,Entry Equity ($),Entry Cost ($),Exit Signal Date,Exit Date,Exit Signal z,Exit z,Exit Reason,Net P/L ($),Net Return,Costs ($)
33,AMP,SYF,2021-04-30 00:00:00,2021-05-03 00:00:00,-1,1.6443776698755828,1.618538917049969,1717.9535136388565,1.7162372763624945,2021-05-17 00:00:00,2021-05-18 00:00:00,0.3902921784784929,0.391999412368574,Mean reversion,48.289921025383364,0.028108980040501108,3.4539837482197364
33,AMP,SYF,2021-06-21 00:00:00,2021-06-22 00:00:00,1,-1.5106591429879923,-1.3161079037415007,1766.2434346642399,1.7644789557085316,,2021-06-30 00:00:00,,-0.9781765066573227,End of window,11.107743563515896,0.006288908621266842,3.563250932630921
33,BKNG,EXPE,2021-05-10 00:00:00,2021-05-11 00:00:00,1,-1.673351750540991,-1.81352892815227,1717.9535136388565,1.7162372763624945,2021-05-24 00:00:00,2021-05-25 00:00:00,-0.42538913543639645,-0.7106515106743236,Mean reversion,40.62273584469972,0.023646004110236547,3.4809922226130374
33,BKNG,EXPE,2021-06-23 00:00:00,2021-06-24 00:00:00,1,-1.53408967778259,-1.6302689898862943,1758.5762494835562,1.756819430053503,,2021-06-30 00:00:00,,-1.834124414740581,End of window,-11.656737371346708,-0.006628508359970152,3.461439174961094
33,BXP,REG,2021-05-12 00:00:00,2021-05-13 00:00:00,1,-1.6295636223506997,-1.210870871177472,1717.9535136388565,1.7162372763624945,2021-05-17 00:00:00,2021-05-18 00:00:00,-0.3949148955947239,0.10799074063190621,Mean reversion,53.692967141918416,0.03125402795573292,3.502129704077082
33,BXP,REG,2021-06-07 00:00:00,2021-06-08 00:00:00,-1,1.6202031343711294,1.2684408330317494,1771.646480780775,1.7698766041765985,,2021-06-30 00:00:00,,0.551306652537855,End of window,26.55455607131944,0.014988631399881026,3.4495089466888738
33,CAT,ETN,2021-06-10 00:00:00,2021-06-11 00:00:00,1,-1.890340797051239,-2.504667008202085,1717.9535136388565,1.716237276362494,2021-06-17 00:00:00,2021-06-18 00:00:00,-3.0125274853742727,-2.209777775300254,Stop loss,4.141164354104831,0.002410521775605725,3.34364580431346
33,CMS,XEL,2021-06-09 00:00:00,2021-06-10 00:00:00,1,-1.7084413449925657,-1.595157024878178,1717.9535136388565,1.7162372763624942,2021-06-25 00:00:00,2021-06-28 00:00:00,-0.26837485729670846,-0.3577081722053515,Mean reversion,16.279311717068367,0.009475990815715728,3.405518272265434
33,COF,RJF,2021-05-10 00:00:00,2021-05-11 00:00:00,-1,1.769483598055595,1.751367486149703,1717.9535136388565,1.7162372763624942,2021-05-27 00:00:00,2021-05-28 00:00:00,3.214184611325817,2.8858887589999567,Stop loss,-40.563338172510385,-0.023611429442343745,3.4601571151450807
33,COP,CVX,2021-05-18 00:00:00,2021-05-19 00:00:00,-1,1.5165173786306898,1.7377950878764858,1717.9535136388565,1.7162372763624942,2021-06-21 00:00:00,2021-06-22 00:00:00,3.101560829936728,3.136150853984645,Stop loss,-41.97282101997098,-0.024431872391626537,3.531783133958748
33,CVX,EOG,2021-05-10 00:00:00,2021-05-11 00:00:00,1,-1.7378773008947492,-2.1347148471599358,1717.9535136388565,1.7162372763624945,,2021-06-30 00:00:00,,-2.677457570925669,End of window,-20.05090098626306,-0.011671387396154018,3.4349452001716014
33,EMR,PH,2021-05-07 00:00:00,2021-05-10 00:00:00,-1,1.505218149751506,1.9071559673528256,1717.9535136388565,1.7162372763624945,2021-06-01 00:00:00,2021-06-02 00:00:00,3.1088074593363255,3.5185492635131723,Stop loss,-44.23652828496347,-0.025749549061583485,3.4466385976183376
33,EOG,FANG,2021-05-07 00:00:00,2021-05-10 00:00:00,-1,2.4125724313469745,3.032772894755958,1717.9535136388565,1.7162372763624942,2021-05-10 00:00:00,2021-05-11 00:00:00,3.032772894755958,2.9172896878610715,Stop loss,2.1690655972704462,0.0012625868977537546,3.3786543925819634
33,EOG,XOM,2021-05-10 00:00:00,2021-05-11 00:00:00,-1,1.623978438073749,1.8770424626521125,1717.9535136388565,1.716237276362494,2021-06-16 00:00:00,2021-06-17 00:00:00,0.49809990704869345,0.5183791459954663,Mean reversion,38.90338328489133,0.02264518974235149,3.4613757458899883
33,FRT,VNO,2021-04-30 00:00:00,2021-05-03 00:00:00,-1,1.5071818052189072,1.5597635693247485,1717.9535136388565,1.7162372763624942,2021-06-07 00:00:00,2021-06-08 00:00:00,0.49153257733786165,0.9442994611205415,Mean reversion,22.897331234331205,0.0133282600795359,3.587469691385297
33,FRT,VNO,2021-06-17 00:00:00,2021-06-18 00:00:00,-1,1.559144082162353,1.710883936281619,1740.8508448731877,1.7391117331400479,,2021-06-30 00:00:00,,1.7771517744457994,End of window,-6.183257391296593,-0.0035518593735392717,3.489070892400099
33,HBAN,CFG,2021-04-30 00:00:00,2021-05-03 00:00:00,1,-2.5674190888465174,-2.925331984177575,1717.9535136388565,1.7162372763624942,2021-05-04 00:00:00,2021-05-05 00:00:00,-3.461484816783256,-3.7363008711487686,Stop loss,-23.883486670851426,-0.013902289253603253,3.4772706271999594
33,HBAN,PNC,2021-04-30 00:00:00,2021-05-03 00:00:00,1,-2.6084989164354635,-2.7446467072353937,1717.9535136388565,1.7162372763624945,2021-05-04 00:00:00,2021-05-05 00:00:00,-3.258025350397211,-3.327830858533727,Stop loss,-23.548498246582994,-0.01370729653604195,3.4747836648452353
33,HST,KIM,2021-05-13 00:00:00,2021-05-14 00:00:00,1,-1.5355718310189597,-1.0555320073349947,1717.9535136388565,1.7162372763624945,2021-06-16 00:00:00,2021-06-17 00:00:00,-0.4632625184394291,-0.3112935177898039,Mean reversion,32.32187181330005,0.01881417137116707,3.4494021310251677
33,JPM,PNC,2021-04-30 00:00:00,2021-05-03 00:00:00,1,-1.530262099433634,-1.8891296753554103,1717.9535136388565,1.716237276362494,2021-05-20 00:00:00,2021-05-21 00:00:00,-0.4762886846958782,-0.47897766287229154,Mean reversion,28.092333504510634,0.01635220818344921,3.5104105123544818
33,JPM,PNC,2021-06-15 00:00:00,2021-06-16 00:00:00,1,-1.62412351561828,-1.4976017088744464,1746.0458471433672,1.7443015455977693,,2021-06-30 00:00:00,,-1.8232522145913719,End of window,-10.600691129330926,-0.006071255887509641,3.4871403026696983
33,KEY,JPM,2021-05-04 00:00:00,2021-05-05 00:00:00,-1,1.5243187867139993,1.4781821221115223,1717.9535136388565,1.7162372763624945,2021-05-25 00:00:00,2021-05-26 00:00:00,0.41080435587024006,0.7379384427882675,Mean reversion,15.673105092044352,0.00912312525782296,3.4646379260481877
33,KEY,MTB,2021-05-25 00:00:00,2021-05-26 00:00:00,-1,1.565640484899543,1.7082285226672576,1717.9535136388565,1.716237276362494,,2021-06-30 00:00:00,,1.6710566416880348,End of window,-2.6573619460511964,-0.001546818307337401,3.2939297979346023
33,L,MET,2021-06-24 00:00:00,2021-06-25 00:00:00,-1,1.510874076279737,1.3489720395255387,1717.9535136388565,1.7162372763624942,,2021-06-30 00:00:00,,1.2870836614411532,End of window,-1.7366181635939029,-0.0010108644674066366,3.4012049863404874
33,LEN,DHI,2021-05-17 00:00:00,2021-05-18 00:00:00,1,-1.7882046869602268,-1.4605814658686636,1717.9535136388565,1.7162372763624942,2021-06-18 00:00:00,2021-06-21 00:00:00,0.29166755474378125,-0.12967347435559767,Mean reversion,30.709772638206914,0.017875787903689832,3.435318845644437
33,LNT,AEE,2021-05-11 00:00:00,2021-05-12 00:00:00,-1,1.7762174978774714,1.2176254523429701,1717.9535136388565,1.7162372763624945,,2021-06-30 00:00:00,,2.571425926793752,End of window,-22.10381951713771,-0.012866366488764209,3.412240228840349
33,MTB,PNC,2021-06-18 00:00:00,2021-06-21 00:00:00,1,-1.9498549942201908,-1.8185721845531777,1717.9535136388565,1.7162372763624945,,2021-06-30 00:00:00,,-2.972615333799684,End of window,-46.34487131298579,-0.026976790084861563,3.4457982026295313
33,NTRS,RJF,2021-04-30 00:00:00,2021-05-03 00:00:00,-1,1.8282493830161888,1.9762378245189431,1717.9535136388565,1.7162372763624945,2021-05-10 00:00:00,2021-05-11 00:00:00,3.1356052633650497,2.860895359720969,Stop loss,-32.68930707778327,-0.019028051002697343,3.474052112671813
33,PFG,MET,2021-06-25 00:00:00,2021-06-28 00:00:00,-1,1.7677592407855387,1.7110097609548849,1717.9535136388565,1.7162372763624945,,2021-06-30 00:00:00,,1.6934852006005228,End of window,-2.8865047374770256,-0.0016801995598606278,3.4345155697424223
33,PFG,PRU,2021-05-25 00:00:00,2021-05-26 00:00:00,1,-1.677744612273362,-1.5000138475753781,1717.9535136388565,1.7162372763624945,,2021-06-30 00:00:00,,-1.255318001241883,End of window,3.7876901396866742,0.002204768702771146,3.3983780389202813
33,PRU,L,2021-05-17 00:00:00,2021-05-18 00:00:00,-1,1.5678450459436049,1.3281928991653331,1717.9535136388565,1.7162372763624945,,2021-06-30 00:00:00,,2.3632686171091315,End of window,-29.787092664178317,-0.017338707030020415,3.357640124868193
33,REG,VNO,2021-04-30 00:00:00,2021-05-03 00:00:00,-1,1.9103114001610777,2.008489195607699,1717.9535136388565,1.7162372763624945,2021-06-07 00:00:00,2021-06-08 00:00:00,0.4325851342674117,0.7587123149466841,Mean reversion,49.98651567225943,0.02909654730201708,3.573668267697397
33,SLB,DVN,2021-05-13 00:00:00,2021-05-14 00:00:00,-1,1.5186628484176192,1.4342556034321696,1717.9535136388565,1.7162372763624945,2021-06-01 00:00:00,2021-06-02 00:00:00,0.15288337656216094,1.277285082473928,Mean reversion,10.112844418940085,0.005886564647211974,3.630670750037796
33,SLB,DVN,2021-06-03 00:00:00,2021-06-04 00:00:00,-1,1.6815593261391644,1.4686013326190228,1728.0663580577966,1.726340018039757,2021-06-18 00:00:00,2021-06-21 00:00:00,0.38508965458580835,0.7053620811802401,Mean reversion,40.716725812879304,0.023562015210250104,3.2991393998057656
33,SLB,FANG,2021-05-10 00:00:00,2021-05-11 00:00:00,-1,1.506157601966178,1.6503756861940095,1717.9535136388565,1.7162372763624945,2021-06-03 00:00:00,2021-06-04 00:00:00,3.385087276661632,3.4153966277999004,Stop loss,-138.03631245370593,-0.08034927101218615,3.6681176088683074
33,SLB,MPC,2021-05-12 00:00:00,2021-05-13 00:00:00,-1,1.666144771830505,1.4851375501278832,1717.9535136388565,1.7162372763624945,2021-05-25 00:00:00,2021-05-26 00:00:00,0.4647680643568557,0.420563436498856,Mean reversion,38.44419440920365,0.02237790144145034,3.4624333738456503
33,SLB,MPC,2021-06-02 00:00:00,2021-06-03 00:00:00,-1,2.503774946122645,3.098887364724052,1756.3977080480602,1.7546430649830773,2021-06-03 00:00:00,2021-06-04 00:00:00,3.098887364724052,2.898977769210616,Stop loss,4.402908927477256,0.0025067835760104393,3.5121419616375062
33,TFC,RF,2021-06-18 00:00:00,2021-06-21 00:00:00,1,-1.7391703613583864,-1.1026892936286623,1717.9535136388565,1.716237276362494,,2021-06-30 00:00:00,,-0.7482019527632195,End of window,3.7809004039384035,0.00220081647956233,3.462392159390208
33,UDR,ESS,2021-05-28 00:00:00,2021-06-01 00:00:00,-1,1.511152567760739,1.6114204497799784,1717.9535136388565,1.7162372763624942,,2021-06-30 00:00:00,,1.8237461322097446,End of window,-7.454042468802754,-0.0043389081308807306,3.437182176282948
33,UNM,L,2021-05-03 00:00:00,2021-05-04 00:00:00,1,-1.6318623320024683,-1.9251614212071668,1717.9535136388565,1.7162372763624942,2021-06-01 00:00:00,2021-06-02 00:00:00,-0.28726645793143196,-0.13912379807643574,Mean reversion,55.70734588280334,0.03242657350186833,3.520728644333543
33,VTR,WELL,2021-06-09 00:00:00,2021-06-10 00:00:00,1,-1.5537073137150113,-1.6727287898271561,1717.9535136388565,1.7162372763624945,2021-06-24 00:00:00,2021-06-25 00:00:00,-3.151400987104304,-3.194307806424167,Stop loss,-51.35745813892913,-0.029894556360926864,3.4975419956142217
