Date,Window,Equity,Before Trade Equity,Costs ($),Traded Value ($),Active Pairs,Blacklisted Pairs,Net Return,Turnover,Gross Equity
2017-07-03,10,97778.11986690317,97787.88888677198,9.76901986880839,9769.019868808391,4,0,-9.990009990012982e-05,0.09990009990009992,97787.88888677198
2017-07-05,10,97792.15586808619,97797.0403780206,4.884509934404195,4884.5099344041955,6,1,0.00014354950987116588,0.04994537580609612,97806.8093978894
2017-07-06,10,97763.50387854852,97773.28406044838,9.78018189984471,9780.181899844709,8,2,-0.0002929886275983007,0.10002918480060573,97787.93759025157
2017-07-07,10,97764.65727211877,97767.07245982309,2.4151877043141314,2415.187704314131,7,2,1.17977928826285e-05,0.02470348803076456,97791.50617152614
2017-07-10,10,97764.13651486272,97764.13651486272,0.0,0.0,7,2,-5.326641248304398e-06,0.0,97790.9854142701
2017-07-11,10,97771.49930713298,97788.44932294318,16.950015810207425,16950.015810207424,12,2,7.5311791549737e-05,0.1733335166634103,97815.29822235055
2017-07-12,10,97821.98743106586,97824.42968603307,2.4422549672020977,2442.2549672020978,13,2,0.0005163889711283787,0.024965695941601713,97868.22860125064
2017-07-13,10,97711.0445670766,97718.37133197821,7.326764901606293,7326.764901606293,16,2,-0.0011341301368206214,0.0749783771642602,97764.612502163
2017-07-14,10,97686.95206070942,97686.95206070942,0.0,0.0,16,2,-0.00024656891627694577,0.0,97740.51999579581
2017-07-17,10,97802.98356765247,97815.19484248848,12.211274836010489,12211.274836010489,21,2,0.0011877892031162407,0.12484026490643166,97868.76277757487
2017-07-18,10,97843.0856253231,97843.0856253231,0.0,0.0,21,2,0.00041002898079178784,0.0,97908.8648352455
2017-07-19,10,97899.2971635907,97899.2971635907,0.0,0.0,21,4,0.0005745070068912117,0.0,97965.0763735131
2017-07-20,10,97949.92511962717,97957.42451247328,7.499392846111572,7499.392846111572,18,6,0.0005171432022832434,0.07655767680127856,98023.20372239567
2017-07-21,10,98237.87711560696,98247.73522303916,9.858107432205975,9858.107432205976,16,7,0.002939787811252703,0.10033928425755959,98321.01382580768
2017-07-24,10,98028.54651838103,98038.33493576196,9.78841738091931,9788.417380919309,14,7,-0.0021308542424993693,0.09984275423825804,98121.47164596267
2017-07-25,10,98011.47168919568,98018.77668306683,7.304993871142754,7304.993871142753,11,7,-0.0001741822131592352,0.07452647460356157,98111.70181064846
2017-07-26,10,98098.40292264643,98100.86648317023,2.463560523799197,2463.560523799197,12,8,0.000886949577967977,0.025112525629137385,98201.09660462302
2017-07-27,10,98170.93844922844,98175.83638283511,4.897933606660887,4897.933606660887,12,8,0.0007394159784559484,0.049889400356738216,98278.53006481168
2017-07-28,10,97484.90903371586,97487.33832208304,2.4292883671916568,2429.2883671916566,11,10,-0.00698811100667418,0.024919014192034503,97594.92993766628
2017-07-31,10,97983.62318093999,97993.47160378593,9.848422845930102,9848.422845930101,11,10,0.005115808715086878,0.10050080566336025,98103.49250773634
2017-08-01,10,98250.13501935126,98255.03421947252,4.899200121260739,4899.200121260739,11,11,0.0027199630893330884,0.04986207740070991,98374.90354626888
2017-08-02,10,98257.3434981596,98267.49966582023,10.156167660621161,10156.167660621162,7,11,7.336864022544631e-05,0.10335225476540459,98392.26819273783
2017-08-03,10,98223.0938259854,98225.5578607034,2.464034717987378,2464.034717987378,6,12,-0.00034857111901087645,0.025085474408622847,98360.48255528163
2017-08-04,10,98216.92385875151,98229.3186379154,12.39477916390429,12394.77916390429,7,12,-6.28158510749266e-05,0.1261820741075572,98366.70736721165
2017-08-07,10,98188.79909164048,98198.93828179395,10.13919015344537,10139.190153445372,11,12,-0.00028635357335649037,0.10325152522881374,98348.72179025406
2017-08-08,10,98232.64320495116,98232.64320495116,0.0,0.0,11,12,0.0004465286643313693,0.0,98392.56590356474
2017-08-09,10,98103.71127823537,98108.59674827033,4.885470034946981,4885.470034946981,13,13,-0.0013125161098108684,0.049796553990903075,98268.51944688389
2017-08-10,10,97982.93733379313,97990.28582871922,7.348494926067746,7348.494926067746,14,13,-0.0012310843582634678,0.07499207563199119,98155.09399736773
2017-08-11,10,97855.11788575172,97855.11788575172,0.0,0.0,14,16,-0.0013045072082904507,0.0,98027.27454932632
2017-08-14,10,97975.82767348821,97983.36454089437,7.5368674061709715,7536.867406170972,11,16,0.0012335562037482095,0.07691986738244105,98155.52120446897
2017-08-15,10,97963.20378264958,97968.11006896266,4.906286313072801,4906.286313072802,13,16,-0.00012884699357373908,0.05008044260136407,98147.80359994342
2017-08-16,10,98009.4654101697,98012.08114128241,2.615731112727085,2615.7311127270846,12,16,0.0004722347344086053,0.02668784380730128,98196.68095857625
2017-08-17,10,98025.38520343472,98025.38520343472,0.0,0.0,12,16,0.00016243118150272018,0.0,98212.60075184128
2017-08-18,10,97997.569887013,97997.569887013,0.0,0.0,12,17,-0.0002837562572592933,0.0,98184.78543541956
2017-08-21,10,98018.20748540226,98027.7567073015,9.54922189923251,9549.221899232509,12,17,0.00021059296075454093,0.09741344921056676,98214.97225570807
2017-08-22,10,97980.70899921142,97980.70899921142,0.0,0.0,12,17,-0.00038256653690005304,0.0,98177.47376951722
2017-08-23,10,97951.27638068527,97953.71863565248,2.4422549672020977,2442.2549672020978,13,20,-0.0003003919733463034,0.024932743761227495,98150.48340595828
2017-08-24,10,97978.39518813202,97985.84323495555,7.448046823526546,7448.046823526546,10,20,0.00027686017424977116,0.07601145816204523,98185.05026022856
2017-08-25,10,98017.44477890134,98020.01924753383,2.5744686324857837,2574.4686324857835,9,20,0.0003985530758523481,0.02626472278060236,98226.67431963034
2017-08-28,10,98006.1949075997,98008.7985707156,2.60366311591517,2603.66311591517,8,20,-0.00011477417440353133,0.026565605883195956,98218.02811144463
2017-08-29,10,97991.19374114748,97993.67948396987,2.485742822394307,2485.742822394307,9,20,-0.000153063451410973,0.02536635868235699,98205.5126878148
2017-08-30,10,97995.20527129587,97995.20527129587,0.0,0.0,9,20,4.0937659755213573e-05,0.0,98209.52421796319
2017-08-31,10,97975.58496287726,97997.40857482908,21.823611951793673,21823.61195179368,0,20,-0.0002002170245400947,0.2226958066460457,98211.72752149637
