Ticker,Valid Sessions,Required Sessions,Complete Positive History,Nonconstant,Eligible
A,251,251,True,True,True
AAL,251,251,True,True,True
AAP,251,251,True,True,True
AAPL,251,251,True,True,True
ABBV,251,251,True,True,True
ABNB,0,251,False,False,False
ABT,251,251,True,True,True
ACGL,0,251,False,False,False
ACN,251,251,True,True,True
ADBE,251,251,True,True,True
ADI,251,251,True,True,True
ADM,251,251,True,True,True
ADP,251,251,True,True,True
ADSK,251,251,True,True,True
AEE,251,251,True,True,True
AEP,251,251,True,True,True
AES,251,251,True,True,True
AET,190,251,False,True,False
AFL,251,251,True,True,True
AIG,251,251,True,True,True
AIV,251,251,True,True,True
AIZ,251,251,True,True,True
AJG,251,251,True,True,True
AKAM,251,251,True,True,True
ALB,251,251,True,True,True
ALGN,251,251,True,True,True
ALK,251,251,True,True,True
ALL,251,251,True,True,True
ALLE,251,251,True,True,True
AMAT,251,251,True,True,True
AMCR,0,251,False,False,False
AMD,251,251,True,True,True
AME,251,251,True,True,True
AMG,251,251,True,True,True
AMGN,251,251,True,True,True
AMP,251,251,True,True,True
AMT,251,251,True,True,True
AMTM,0,251,False,False,False
AMZN,251,251,True,True,True
AN,0,251,False,False,False
ANDV,148,251,False,True,False
ANET,126,251,False,True,False
AON,251,251,True,True,True
AOS,251,251,True,True,True
APA,251,251,True,True,True
APC,0,251,False,False,False
APD,251,251,True,True,True
APH,251,251,True,True,True
APO,0,251,False,False,False
APP,0,251,False,False,False
APTV,251,251,True,True,True
ARE,251,251,True,True,True
ARES,0,251,False,False,False
ATI,0,251,False,False,False
ATO,9,251,False,True,False
AVB,0,251,False,False,False
AVGO,251,251,True,True,True
AVY,251,251,True,True,True
AWK,251,251,True,True,True
AXON,0,251,False,False,False
AXP,251,251,True,True,True
AYI,75,251,False,True,False
AZO,251,251,True,True,True
BA,251,251,True,True,True
BAC,251,251,True,True,True
BALL,0,251,False,False,False
BAX,251,251,True,True,True
BBBY,0,251,False,False,False
BBT,251,251,True,True,True
BBWI,0,251,False,False,False
BBY,251,251,True,True,True
BDX,251,251,True,True,True
BEN,251,251,True,True,True
BF-B,251,251,True,True,True
BG,0,251,False,False,False
BHF,251,251,True,True,True
BIIB,251,251,True,True,True
BIO,0,251,False,False,False
BKNG,251,251,True,True,True
BKR,0,251,False,False,False
BLDR,0,251,False,False,False
BLK,251,251,True,True,True
BMY,251,251,True,True,True
BNY,0,251,False,False,False
BR,176,251,False,True,False
BRK-B,251,251,True,True,True
BRO,0,251,False,False,False
BSX,251,251,True,True,True
BWA,251,251,True,True,True
BX,0,251,False,False,False
BXP,251,251,True,True,True
C,251,251,True,True,True
CAG,251,251,True,True,True
CAH,251,251,True,True,True
CAM,0,251,False,False,False
CARR,0,251,False,False,False
CASY,0,251,False,False,False
CAT,251,251,True,True,True
CB,251,251,True,True,True
CBOE,251,251,True,True,True
CBRE,251,251,True,True,True
CCI,251,251,True,True,True
CCL,251,251,True,True,True
CDNS,251,251,True,True,True
CDW,0,251,False,False,False
CE,45,251,False,True,False
CEG,0,251,False,False,False
CF,251,251,True,True,True
CFG,251,251,True,True,True
CHD,251,251,True,True,True
CHRW,251,251,True,True,True
CHTR,251,251,True,True,True
CI,251,251,True,True,True
CIEN,0,251,False,False,False
CINF,251,251,True,True,True
CL,251,251,True,True,True
CLX,251,251,True,True,True
CMCSA,251,251,True,True,True
CME,251,251,True,True,True
CMG,251,251,True,True,True
CMI,251,251,True,True,True
CMS,251,251,True,True,True
CNC,251,251,True,True,True
CNP,251,251,True,True,True
CNX,0,251,False,False,False
COF,251,251,True,True,True
COHR,0,251,False,False,False
COIN,0,251,False,False,False
COL,184,251,False,True,False
COO,251,251,True,True,True
COP,251,251,True,True,True
COR,0,251,False,False,False
COST,251,251,True,True,True
COTY,251,251,True,True,True
CPAY,0,251,False,False,False
CPB,251,251,True,True,True
CPRI,251,251,True,True,True
CPRT,166,251,False,True,False
CPT,0,251,False,False,False
CRH,0,251,False,False,False
CRL,0,251,False,False,False
CRM,251,251,True,True,True
CRWD,0,251,False,False,False
CSCO,251,251,True,True,True
CSGP,0,251,False,False,False
CSRA,0,251,False,False,False
CSX,251,251,True,True,True
CTAS,251,251,True,True,True
CTSH,251,251,True,True,True
CTVA,0,251,False,False,False
CVNA,0,251,False,False,False
CVS,251,251,True,True,True
CVX,251,251,True,True,True
CZR,0,251,False,False,False
D,251,251,True,True,True
DAL,251,251,True,True,True
DASH,0,251,False,False,False
DD,0,251,False,False,False
DDOG,0,251,False,False,False
DE,251,251,True,True,True
DECK,0,251,False,False,False
DELL,0,251,False,False,False
DG,251,251,True,True,True
DGX,251,251,True,True,True
DHI,251,251,True,True,True
DHR,251,251,True,True,True
DIS,251,251,True,True,True
DLR,251,251,True,True,True
DLTR,251,251,True,True,True
DOC,0,251,False,False,False
DOV,251,251,True,True,True
DOW,0,251,False,False,False
DPZ,0,251,False,False,False
DRI,251,251,True,True,True
DTE,251,251,True,True,True
DUK,251,251,True,True,True
DVA,251,251,True,True,True
DVN,251,251,True,True,True
DXC,251,251,True,True,True
DXCM,0,251,False,False,False
EA,0,251,False,False,False
EBAY,251,251,True,True,True
ECHO,0,251,False,False,False
ECL,251,251,True,True,True
ED,251,251,True,True,True
EFX,251,251,True,True,True
EG,0,251,False,False,False
EIX,251,251,True,True,True
EL,251,251,True,True,True
ELV,0,251,False,False,False
EME,0,251,False,False,False
EMN,251,251,True,True,True
EMR,251,251,True,True,True
ENPH,0,251,False,False,False
EOG,251,251,True,True,True
EPAM,0,251,False,False,False
EQIX,251,251,True,True,True
EQR,0,251,False,False,False
EQT,179,251,False,True,False
ERIE,0,251,False,False,False
ES,251,251,True,True,True
ESRX,205,251,False,True,False
ESS,251,251,True,True,True
ETN,251,251,True,True,True
ETR,251,251,True,True,True
ETSY,0,251,False,False,False
EVHC,156,251,False,True,False
EVRG,185,251,False,True,False
EW,251,251,True,True,True
EXC,251,251,True,True,True
EXE,0,251,False,False,False
EXPD,251,251,True,True,True
EXPE,251,251,True,True,True
EXR,251,251,True,True,True
F,251,251,True,True,True
FANG,59,251,False,True,False
FAST,251,251,True,True,True
FB,0,251,False,False,False
FCPT,0,251,False,False,False
FCX,251,251,True,True,True
FDS,0,251,False,False,False
FDX,251,251,True,True,True
FDXF,0,251,False,False,False
FE,251,251,True,True,True
FERG,0,251,False,False,False
FFIV,251,251,True,True,True
FICO,0,251,False,False,False
FIS,251,251,True,True,True
FISV,251,251,True,True,True
FITB,251,251,True,True,True
FIX,0,251,False,False,False
FLEX,0,251,False,False,False
FLR,251,251,True,True,True
FLS,251,251,True,True,True
FMC,251,251,True,True,True
FOX,0,251,False,False,False
FOXA,0,251,False,False,False
FRT,251,251,True,True,True
FSLR,0,251,False,False,False
FTI,251,251,True,True,True
FTNT,95,251,False,True,False
FTV,251,251,True,True,True
GD,251,251,True,True,True
GDDY,0,251,False,False,False
GE,251,251,True,True,True
GEHC,0,251,False,False,False
GEN,0,251,False,False,False
GEV,0,251,False,False,False
GILD,251,251,True,True,True
GIS,251,251,True,True,True
GL,0,251,False,False,False
GLW,251,251,True,True,True
GM,251,251,True,True,True
GME,0,251,False,False,False
GNRC,0,251,False,False,False
GNW,0,251,False,False,False
GOOG,251,251,True,True,True
GOOGL,251,251,True,True,True
GPC,251,251,True,True,True
GPN,251,251,True,True,True
GRMN,251,251,True,True,True
GS,251,251,True,True,True
GT,249,251,False,True,False
GWW,251,251,True,True,True
HAL,251,251,True,True,True
HAS,251,251,True,True,True
HBAN,251,251,True,True,True
HCA,251,251,True,True,True
HD,251,251,True,True,True
HIG,251,251,True,True,True
HII,251,251,True,True,True
HLT,251,251,True,True,True
HOG,251,251,True,True,True
HON,251,251,True,True,True
HONA,0,251,False,False,False
HOOD,0,251,False,False,False
HP,251,251,True,True,True
HPE,251,251,True,True,True
HPQ,251,251,True,True,True
HRB,251,251,True,True,True
HRL,251,251,True,True,True
HSIC,251,251,True,True,True
HST,251,251,True,True,True
HSY,251,251,True,True,True
HUBB,0,251,False,False,False
HUM,251,251,True,True,True
HWM,0,251,False,False,False
IBKR,0,251,False,False,False
IBM,251,251,True,True,True
ICE,251,251,True,True,True
IDXX,251,251,True,True,True
IEX,0,251,False,False,False
IFF,251,251,True,True,True
ILMN,251,251,True,True,True
INCY,251,251,True,True,True
INFO,0,251,False,False,False
INTC,251,251,True,True,True
INTU,251,251,True,True,True
INVH,0,251,False,False,False
IP,251,251,True,True,True
IPGP,247,251,False,True,False
IQV,251,251,True,True,True
IR,0,251,False,False,False
IRM,251,251,True,True,True
ISRG,251,251,True,True,True
IT,251,251,True,True,True
ITW,251,251,True,True,True
IVZ,251,251,True,True,True
J,0,251,False,False,False
JBHT,251,251,True,True,True
JBL,0,251,False,False,False
JCI,251,251,True,True,True
JEF,251,251,True,True,True
JKHY,72,251,False,True,False
JNJ,251,251,True,True,True
JPM,251,251,True,True,True
KDP,85,251,False,True,False
KEY,251,251,True,True,True
KEYS,77,251,False,True,False
KHC,251,251,True,True,True
KIM,251,251,True,True,True
KKR,0,251,False,False,False
KLAC,251,251,True,True,True
KMB,251,251,True,True,True
KMI,251,251,True,True,True
KMX,251,251,True,True,True
KO,251,251,True,True,True
KR,251,251,True,True,True
KSS,251,251,True,True,True
KVUE,0,251,False,False,False
L,251,251,True,True,True
LB,0,251,False,False,False
LDOS,0,251,False,False,False
LEG,251,251,True,True,True
LEN,251,251,True,True,True
LH,251,251,True,True,True
LHX,0,251,False,False,False
LII,0,251,False,False,False
LIN,77,251,False,True,False
LITE,0,251,False,False,False
LKQ,251,251,True,True,True
LLY,251,251,True,True,True
LMT,251,251,True,True,True
LNC,251,251,True,True,True
LNT,251,251,True,True,True
LOW,251,251,True,True,True
LRCX,251,251,True,True,True
LULU,0,251,False,False,False
LUMN,0,251,False,False,False
LUV,251,251,True,True,True
LVS,0,251,False,False,False
LW,59,251,False,True,False
LYB,251,251,True,True,True
LYV,0,251,False,False,False
M,251,251,True,True,True
MA,251,251,True,True,True
MAA,251,251,True,True,True
MAC,251,251,True,True,True
MAR,251,251,True,True,True
MAS,251,251,True,True,True
MAT,251,251,True,True,True
MCD,251,251,True,True,True
MCHP,251,251,True,True,True
MCK,251,251,True,True,True
MCO,251,251,True,True,True
MDLZ,251,251,True,True,True
MDT,251,251,True,True,True
MET,251,251,True,True,True
META,0,251,False,False,False
MGM,251,251,True,True,True
MHK,251,251,True,True,True
MKC,251,251,True,True,True
MKTX,0,251,False,False,False
MLM,251,251,True,True,True
MMM,251,251,True,True,True
MNST,251,251,True,True,True
MO,251,251,True,True,True
MOH,0,251,False,False,False
MOS,251,251,True,True,True
MPC,251,251,True,True,True
MPWR,0,251,False,False,False
MRK,251,251,True,True,True
MRNA,0,251,False,False,False
MRSH,0,251,False,False,False
MRVL,0,251,False,False,False
MS,251,251,True,True,True
MSCI,228,251,False,True,False
MSFT,251,251,True,True,True
MSI,251,251,True,True,True
MTB,251,251,True,True,True
MTCH,0,251,False,False,False
MTD,251,251,True,True,True
MU,251,251,True,True,True
MUR,0,251,False,False,False
NAVI,66,251,False,True,False
NBR,0,251,False,False,False
NCLH,251,251,True,True,True
NDAQ,251,251,True,True,True
NDSN,0,251,False,False,False
NEE,251,251,True,True,True
NEM,251,251,True,True,True
NFLX,251,251,True,True,True
NFX,0,251,False,False,False
NI,251,251,True,True,True
NKE,251,251,True,True,True
NKTR,239,251,False,True,False
NOC,251,251,True,True,True
NOV,251,251,True,True,True
NOW,0,251,False,False,False
NRG,251,251,True,True,True
NSC,251,251,True,True,True
NTAP,251,251,True,True,True
NTRS,251,251,True,True,True
NUE,251,251,True,True,True
NVDA,251,251,True,True,True
NVR,0,251,False,False,False
NWL,251,251,True,True,True
NWS,251,251,True,True,True
NWSA,251,251,True,True,True
NXPI,0,251,False,False,False
O,251,251,True,True,True
ODFL,0,251,False,False,False
OGN,0,251,False,False,False
OI,0,251,False,False,False
OKE,251,251,True,True,True
OMC,251,251,True,True,True
ON,0,251,False,False,False
ORCL,251,251,True,True,True
ORLY,251,251,True,True,True
OTIS,0,251,False,False,False
OXY,251,251,True,True,True
PANW,0,251,False,False,False
PARA,0,251,False,False,False
PAYC,0,251,False,False,False
PAYX,251,251,True,True,True
PBI,0,251,False,False,False
PCAR,251,251,True,True,True
PCG,223,251,False,True,False
PEG,251,251,True,True,True
PENN,0,251,False,False,False
PEP,251,251,True,True,True
PFE,251,251,True,True,True
PFG,251,251,True,True,True
PG,251,251,True,True,True
PGR,251,251,True,True,True
PH,251,251,True,True,True
PHM,251,251,True,True,True
PKG,251,251,True,True,True
PLD,251,251,True,True,True
PLTR,0,251,False,False,False
PM,251,251,True,True,True
PNC,251,251,True,True,True
PNR,251,251,True,True,True
PNW,251,251,True,True,True
PODD,0,251,False,False,False
POOL,0,251,False,False,False
PPG,251,251,True,True,True
PPL,251,251,True,True,True
PRGO,251,251,True,True,True
PRU,251,251,True,True,True
PSA,251,251,True,True,True
PSKY,0,251,False,False,False
PSX,251,251,True,True,True
PTC,0,251,False,False,False
PVH,251,251,True,True,True
PWR,251,251,True,True,True
PYPL,251,251,True,True,True
Q,0,251,False,False,False
QCOM,251,251,True,True,True
QRVO,251,251,True,True,True
R,0,251,False,False,False
RCL,251,251,True,True,True
RDDT,0,251,False,False,False
REG,251,251,True,True,True
REGN,251,251,True,True,True
RF,251,251,True,True,True
RHI,251,251,True,True,True
RJF,251,251,True,True,True
RL,251,251,True,True,True
RMD,251,251,True,True,True
ROK,251,251,True,True,True
ROL,103,251,False,True,False
ROP,251,251,True,True,True
ROST,251,251,True,True,True
RRC,75,251,False,True,False
RSG,251,251,True,True,True
RTX,0,251,False,False,False
RVTY,0,251,False,False,False
SBAC,251,251,True,True,True
SBNY,0,251,False,False,False
SBUX,251,251,True,True,True
SCG,211,251,False,True,False
SCHW,251,251,True,True,True
SEDG,0,251,False,False,False
SHW,251,251,True,True,True
SJM,251,251,True,True,True
SLB,251,251,True,True,True
SLG,251,251,True,True,True
SMCI,0,251,False,False,False
SNA,251,251,True,True,True
SNDK,0,251,False,False,False
SNPS,251,251,True,True,True
SO,251,251,True,True,True
SOLS,0,251,False,False,False
SOLV,0,251,False,False,False
SPG,251,251,True,True,True
SPGI,251,251,True,True,True
SPLS,0,251,False,False,False
SRE,251,251,True,True,True
STE,0,251,False,False,False
STI,0,251,False,False,False
STLD,0,251,False,False,False
STT,251,251,True,True,True
STX,251,251,True,True,True
STZ,251,251,True,True,True
SW,0,251,False,False,False
SWK,251,251,True,True,True
SWKS,251,251,True,True,True
SYF,251,251,True,True,True
SYK,251,251,True,True,True
SYY,251,251,True,True,True
T,251,251,True,True,True
TAP,251,251,True,True,True
TDC,0,251,False,False,False
TDG,251,251,True,True,True
TDY,0,251,False,False,False
TE,0,251,False,False,False
TECH,0,251,False,False,False
TEL,251,251,True,True,True
TER,0,251,False,False,False
TFC,0,251,False,False,False
TFX,28,251,False,True,False
TGT,251,251,True,True,True
THC,0,251,False,False,False
TJX,251,251,True,True,True
TKO,0,251,False,False,False
TMO,251,251,True,True,True
TMUS,0,251,False,False,False
TPL,0,251,False,False,False
TPR,251,251,True,True,True
TRGP,0,251,False,False,False
TRIP,251,251,True,True,True
TRMB,0,251,False,False,False
TROW,251,251,True,True,True
TRV,251,251,True,True,True
TSCO,251,251,True,True,True
TSLA,0,251,False,False,False
TSN,251,251,True,True,True
TT,0,251,False,False,False
TTD,0,251,False,False,False
TTWO,239,251,False,True,False
TWX,74,251,False,True,False
TXN,251,251,True,True,True
TXT,251,251,True,True,True
TYL,0,251,False,False,False
UA,251,251,True,True,True
UAA,251,251,True,True,True
UAL,251,251,True,True,True
UBER,0,251,False,False,False
UDR,251,251,True,True,True
UHS,251,251,True,True,True
ULTA,251,251,True,True,True
UNH,251,251,True,True,True
UNM,251,251,True,True,True
UNP,251,251,True,True,True
UPS,251,251,True,True,True
URI,251,251,True,True,True
USB,251,251,True,True,True
V,251,251,True,True,True
VEEV,0,251,False,False,False
VFC,251,251,True,True,True
VICI,0,251,False,False,False
VLO,251,251,True,True,True
VLTO,0,251,False,False,False
VMC,251,251,True,True,True
VMRK,0,251,False,False,False
VNO,251,251,True,True,True
VNT,0,251,False,False,False
VRSK,251,251,True,True,True
VRSN,251,251,True,True,True
VRT,0,251,False,False,False
VRTX,251,251,True,True,True
VST,0,251,False,False,False
VTR,251,251,True,True,True
VTRS,0,251,False,False,False
VZ,251,251,True,True,True
WAB,2,251,False,True,False
WAT,251,251,True,True,True
WBD,0,251,False,False,False
WDAY,0,251,False,False,False
WDC,251,251,True,True,True
WEC,251,251,True,True,True
WELL,251,251,True,True,True
WFC,251,251,True,True,True
WHR,251,251,True,True,True
WM,251,251,True,True,True
WMB,251,251,True,True,True
WMT,251,251,True,True,True
WRB,0,251,False,False,False
WSM,0,251,False,False,False
WST,0,251,False,False,False
WTW,0,251,False,False,False
WU,251,251,True,True,True
WY,251,251,True,True,True
WYNN,251,251,True,True,True
XEL,251,251,True,True,True
XOM,251,251,True,True,True
XRAY,251,251,True,True,True
XRX,251,251,True,True,True
XYL,251,251,True,True,True
XYZ,0,251,False,False,False
YUM,251,251,True,True,True
ZBH,251,251,True,True,True
ZBRA,0,251,False,False,False
ZION,251,251,True,True,True
ZTS,251,251,True,True,True
