Industry Group Code,Industry Group,Ticker 1,Ticker 2,Correlation,A,B,Observations,Alpha,Beta,Spread Mean,Spread Std,EG Statistic,EG p-value,EG 5% Critical Value,ADF Lags,ADF Observations,EG Passed,Chosen,Status
5510,Utilities,AEE,ES,0.8880274251551336,AEE,ES,251,0.7688568196237148,0.8427759533825209,0.768856819623714,0.014897352866652246,-4.178032014435523,0.003937477153006434,-3.3606795679999997,2,248,True,True,OK
5510,Utilities,AEE,XEL,0.9269575098159188,AEE,XEL,251,0.4674843349288104,0.9461609312059581,0.46748433492881897,0.013199149197403202,-3.777471001843037,0.014522364056606207,-3.3606795679999997,2,248,True,True,OK
5510,Utilities,AEE,AEP,0.9065672552026908,AEP,AEE,251,0.33148562516495406,0.9343834210339468,0.3314856251649587,0.012279200060724246,-4.295248567361328,0.0026044380160387104,-3.3606795679999997,0,250,True,True,OK
5510,Utilities,AEP,ES,0.9049342707250532,AEP,ES,251,0.9557627660127314,0.8095226113712087,0.955762766012723,0.014373082171910755,-3.6240110751267456,0.022874249971382606,-3.3606795679999997,0,250,True,True,OK
5510,Utilities,AEP,EVRG,0.8542722225486779,AEP,EVRG,251,1.2358242471757328,0.7945349544395134,1.2358242471757244,0.02379794697714799,-3.73821971432742,0.016352152355177264,-3.3606795679999997,8,242,True,True,OK
5510,Utilities,AEP,XEL,0.9156515796374143,AEP,XEL,251,0.6497932595205675,0.9128288257640751,0.649793259520569,0.011811837935325151,-4.200541227540283,0.0036409459261799613,-3.3606795679999997,0,250,True,True,OK
4530,Semiconductors & Semiconductor Equipment,AMAT,AVGO,0.8340607058258588,AMAT,AVGO,251,-0.51857400502425,1.3078243641638279,-0.5185740050242442,0.053570654065517045,-3.498170620447216,0.03255790370194016,-3.3606795679999997,0,250,True,True,OK
1010,Energy,APA,CVX,0.8001859089149929,APA,CVX,251,-3.093679131123684,1.3491223551783786,-3.0936791311236895,0.04888168844303057,-3.65401354716184,0.020972959305897296,-3.3606795679999997,0,250,True,True,OK
1010,Energy,APA,EOG,0.8650705692370586,APA,EOG,251,-1.3223870390358825,1.0528020249467391,-1.322387039035883,0.0470509835151889,-3.3907199151225536,0.043391708908083935,-3.3606795679999997,1,249,True,True,OK
6010,Equity Real Estate Investment Trusts (REITs),ARE,PLD,0.8253008689334098,ARE,PLD,251,1.0803950758451182,0.8038575057653959,1.0803950758451155,0.0346218594114898,-3.93809957070075,0.008781758922251127,-3.3606795679999997,4,246,True,True,OK
4030,Insurance,CB,TRV,0.8274818989414736,CB,TRV,251,0.5604255144925298,0.9252906895213177,0.5604255144925293,0.016889202680940355,-3.9336608150848273,0.008907986353480779,-3.3606795679999997,0,250,True,True,OK
5510,Utilities,AEE,CNP,0.8783465601073525,CNP,AEE,251,-0.5783128066090861,0.8880257020105514,-0.5783128066090841,0.021597528103710097,-3.593706558216092,0.02494430531474061,-3.3606795679999997,0,250,True,True,OK
5510,Utilities,AEP,CNP,0.8430296861227896,CNP,AEP,251,-0.853852819490509,0.9414342222922286,-0.8538528194905108,0.01942298140994095,-4.179604373895582,0.003916065985647924,-3.3606795679999997,2,248,True,True,OK
5510,Utilities,CNP,LNT,0.8378945189166772,CNP,LNT,251,0.8369612248301739,0.6288379993454449,0.836961224830174,0.03352917725437023,-3.4361560191024427,0.03849040064898455,-3.3606795679999997,0,250,True,True,OK
5510,Utilities,CNP,XEL,0.8498271805568794,CNP,XEL,251,-0.31843184354214166,0.87788474547614,-0.3184318435421404,0.019979805861171245,-3.9212642296271927,0.009269179097074946,-3.3606795679999997,0,250,True,True,OK
5510,Utilities,CMS,DUK,0.912634920172914,DUK,CMS,251,0.9470600220623132,0.8756514394079752,0.9470600220623056,0.010979323914786548,-3.8858236676051274,0.010375243560467977,-3.3606795679999997,2,248,True,True,OK
5510,Utilities,ED,PPL,0.8244022181376278,ED,PPL,251,1.7336255642459646,0.8311160212153135,1.7336255642459666,0.01901360908673515,-3.8574028425491083,0.011345834273123937,-3.3606795679999997,2,248,True,True,OK
5510,Utilities,ES,EVRG,0.8590493719498073,ES,EVRG,251,0.32683950699621656,0.9862684834299822,0.3268395069962193,0.02271688912055935,-3.757921679308602,0.015409810602621948,-3.3606795679999997,9,241,True,True,OK
5510,Utilities,AEE,ETR,0.8514438943379589,ETR,AEE,251,0.17360756999430726,0.8508330150426447,0.17360756999430452,0.021841541947302527,-3.3956543346887385,0.042835438036915835,-3.3606795679999997,0,250,True,True,OK
5510,Utilities,CMS,EVRG,0.8520248088654921,EVRG,CMS,251,0.820510760549397,0.7862153382711747,0.8205107605493916,0.021714603923639123,-3.4625092934448647,0.03586674112386252,-3.3606795679999997,0,250,True,True,OK
5510,Utilities,DTE,EVRG,0.8678984503595033,EVRG,DTE,251,0.09055304767460864,0.8352421417360625,0.09055304767461769,0.018537231309296236,-3.756111778241391,0.01549433809270444,-3.3606795679999997,0,250,True,True,OK
4010,Banks,FITB,KEY,0.9014435996690349,FITB,KEY,251,0.8924502687230251,0.9315482661987778,0.8924502687230211,0.022139523305841395,-3.4208472834981594,0.04008717522631412,-3.3606795679999997,0,250,True,True,OK
2010,Capital Goods,FTV,IEX,0.8127405062559415,FTV,IEX,251,0.34740998778171595,0.6601841130183788,0.3474099877816958,0.03137674216264141,-3.815834354852403,0.01291103755465812,-3.3606795679999997,1,249,True,True,OK
2010,Capital Goods,FTV,TT,0.8082581209868059,FTV,TT,251,1.1625658798013174,0.5341576129704612,1.1625658798013168,0.030552428746078133,-3.5897115603439587,0.025228891236483555,-3.3606795679999997,1,249,True,True,OK
5020,Media & Entertainment,GOOG,GOOGL,0.997886170001498,GOOGL,GOOG,251,-0.02060477073817716,1.0033109297530585,-0.02060477073817139,0.003039374152558069,-3.6625296981505002,0.02045894301116347,-3.3606795679999997,1,249,True,True,OK
2010,Capital Goods,HWM,TDG,0.8090982563383168,HWM,TDG,251,-0.890890316124937,0.7142274442901769,-0.8908903161249251,0.03608999071517773,-3.7740497936104,0.014674336931917407,-3.3606795679999997,0,250,True,True,OK
4510,Software & Services,INTU,TYL,0.8023400898544932,INTU,TYL,251,2.1721305642908235,0.6521719441037231,2.172130564290809,0.04225904830813435,-3.6131237121640623,0.02360017822120927,-3.3606795679999997,0,250,True,True,OK
2010,Capital Goods,ETN,ITW,0.8340450701232728,ITW,ETN,251,0.6671886257298191,0.9270351263439041,0.6671886257298117,0.023021406809226725,-3.4243210617084867,0.039720061250884474,-3.3606795679999997,2,248,True,True,OK
5510,Utilities,DTE,LNT,0.8849011635935878,LNT,DTE,251,-0.5089154158932055,0.9460595260644487,-0.5089154158932001,0.01681634621926362,-3.701883623381287,0.018223480292617077,-3.3606795679999997,1,249,True,True,OK
5510,Utilities,EVRG,LNT,0.8381474065423457,LNT,EVRG,251,-0.13692416490935425,1.013966591449978,-0.13692416490934767,0.02707781137989472,-3.591177046094987,0.025124173510926984,-3.3606795679999997,8,242,True,True,OK
2530,Consumer Services,MAR,MGM,0.8036387987340865,MAR,MGM,251,3.111894498297722,0.5369974527143039,3.111894498297721,0.038862296905544824,-3.393633814490421,0.04306249466741116,-3.3606795679999997,1,249,True,True,OK
4530,Semiconductors & Semiconductor Equipment,MU,TER,0.8231765065259851,MU,TER,251,-0.14125677705419631,0.9310760424691037,-0.14125677705419576,0.06465268261403406,-3.673220415904229,0.01982921552894099,-3.3606795679999997,1,249,True,True,OK
5510,Utilities,CMS,NI,0.8504736232268729,NI,CMS,251,-0.4727039630018153,0.913964016659185,-0.4727039630018155,0.01663343880888591,-3.588624766090176,0.02530679167666931,-3.3606795679999997,0,250,True,True,OK
5020,Media & Entertainment,NWS,NWSA,0.9921811614396211,NWS,NWSA,251,0.06047020341618723,0.9844989624383006,0.06047020341618753,0.0048005819720871035,-4.67053362519841,0.0006336143713354907,-3.3606795679999997,6,244,True,True,OK
4530,Semiconductors & Semiconductor Equipment,AMAT,NXPI,0.8597086298941945,NXPI,AMAT,251,2.648407031717126,0.5226326726273888,2.6484070317171344,0.039110194021564876,-3.3865324934298746,0.043868471439269384,-3.3606795679999997,0,250,True,True,OK
4530,Semiconductors & Semiconductor Equipment,LRCX,NXPI,0.8379087038276062,NXPI,LRCX,251,2.5774413854088527,0.6560910304662884,2.577441385408853,0.029096104492963633,-4.345793806056268,0.0021700594307076035,-3.3606795679999997,0,250,True,True,OK
4010,Banks,BAC,PNC,0.8012940841835595,PNC,BAC,251,2.7523321963081906,0.6338781898535741,2.7523321963081915,0.026446979811512943,-3.845376383906047,0.01178033110936654,-3.3606795679999997,1,249,True,True,OK
4010,Banks,FITB,PNC,0.8734442050024854,PNC,FITB,251,2.846405791972395,0.6119932308850587,2.846405791972385,0.023344487240575463,-3.882038602446125,0.010500076417131337,-3.3606795679999997,3,247,True,True,OK
4010,Banks,KEY,PNC,0.8736913843679242,PNC,KEY,251,3.3097354602353564,0.6004817639215062,3.3097354602353524,0.02079735540902573,-4.340246556214766,0.0022142255693277683,-3.3606795679999997,1,249,True,True,OK
4010,Banks,PNC,TFC,0.8437814622314204,PNC,TFC,251,2.562580782990125,0.6507188522273374,2.562580782990124,0.025929052541933787,-3.993185207046254,0.007343602564025118,-3.3606795679999997,3,247,True,True,OK
4010,Banks,PNC,ZION,0.8348892339867667,PNC,ZION,251,2.7803193076903536,0.5632850035362712,2.780319307690352,0.02823218425152275,-3.676380558573728,0.01964633302564736,-3.3606795679999997,1,249,True,True,OK
4530,Semiconductors & Semiconductor Equipment,QRVO,TER,0.8482214866218991,QRVO,TER,251,0.25141742076633855,0.9589294129551802,0.2514174207663355,0.035323843394304215,-4.117880614911587,0.004841566891000057,-3.3606795679999997,0,250,True,True,OK
4010,Banks,HBAN,RF,0.8160328756699712,RF,HBAN,251,0.8841311838672067,0.8192335520978838,0.8841311838672073,0.025730215358743213,-3.7441345738225973,0.01606406426159798,-3.3606795679999997,0,250,True,True,OK
1010,Energy,PSX,VLO,0.8418218649005077,VLO,PSX,251,-0.11486152197580653,1.0839250651383685,-0.1148615219758025,0.05498860928509056,-4.38861181881139,0.001855620953160294,-3.3606795679999997,0,250,True,True,OK
5510,Utilities,EVRG,XEL,0.8538944055994346,XEL,EVRG,251,0.723965330128112,0.8499046307884204,0.7239653301281156,0.025211324740638204,-3.399077074385177,0.042453082198395636,-3.3606795679999997,8,242,True,True,OK
2010,Capital Goods,IEX,XYL,0.8047561316936982,XYL,IEX,251,-2.6826658227583673,1.3587174447816144,-2.682665822758355,0.024693821612073993,-3.6328909771523157,0.022296556357893512,-3.3606795679999997,12,238,True,True,OK
