Ticker,Source,Trading Sessions,Valid Raw Sessions,Sessions Beyond Filtered Coverage,Overlapping Price Differences
ADP,data/historical,43,43,0,0
AEE,data/historical,43,43,0,0
AEP,data/historical,43,43,0,0
AIV,data/historical,43,43,0,0
BAC,data/historical,43,43,0,0
BEN,data/historical,43,43,0,0
C,data/historical,43,43,0,0
CMS,data/historical,43,43,0,0
DTE,data/historical,43,43,0,0
ES,data/historical,43,43,0,0
ESS,data/historical,43,43,0,0
FITB,data/historical,43,43,0,0
GS,data/historical,43,43,0,0
KEY,data/historical,43,43,0,0
KO,data/historical,43,43,0,0
MS,data/historical,43,43,0,0
MTB,data/historical,43,43,0,0
PAYX,data/historical,43,43,0,0
PCG,data/historical,43,43,0,0
PEP,data/historical,43,43,0,0
PNC,data/historical,43,43,0,0
PNW,data/historical,43,43,0,0
PRU,data/historical,43,43,0,0
RF,data/historical,43,43,0,0
SO,data/historical,43,43,0,0
TROW,data/historical,43,43,0,0
UNM,data/historical,43,43,0,0
USB,data/historical,43,43,0,0
WEC,data/historical,43,43,0,0
WFC,data/historical,43,43,0,0
XEL,data/historical,43,43,0,0
ZION,data/historical,43,43,0,0
