Date,z,Position,Blacklisted,Equity,Net Return,Before Trade Equity,Costs ($),Traded Value ($),Turnover,Action,Units A,Units B,Gross Equity
2020-07-01,-0.5268920773271109,0,False,1325.7184376633115,0.0,1325.7184376633115,0.0,0.0,0.0,,0.0,0.0,1325.7184376633115
2020-07-02,-0.7278350157258028,0,False,1325.7184376633115,0.0,1325.7184376633115,0.0,0.0,0.0,,0.0,0.0,1325.7184376633115
2020-07-06,-1.5976080240222033,0,False,1325.7184376633115,0.0,1325.7184376633115,0.0,0.0,0.0,,0.0,0.0,1325.7184376633115
2020-07-07,-0.7800418963830754,1,False,1324.394043619692,-0.0009990009990009652,1325.7184376633115,1.324394043619692,1324.394043619692,0.999000999000999,Entry,10.465738125782604,-7.7159044823592176,1325.7184376633118
2020-07-08,-0.2880941133356637,1,False,1334.0407368470883,0.007283854283300029,1334.0407368470883,0.0,0.0,0.0,,10.465738125782604,-7.7159044823592176,1335.365130890708
2020-07-09,-0.42323058596061647,0,False,1329.9581050942884,-0.0030603501377692854,1331.2579114173939,1.299806323105497,1299.806323105497,0.9763745341588917,Mean reversion,0.0,0.0,1332.5823054610137
2020-07-10,-0.23940644123412905,0,False,1329.9581050942884,0.0,1329.9581050942884,0.0,0.0,0.0,,0.0,0.0,1332.5823054610137
2020-07-13,-0.40146466528958075,0,False,1329.9581050942884,0.0,1329.9581050942884,0.0,0.0,0.0,,0.0,0.0,1332.5823054610137
2020-07-14,-0.538920603938916,0,False,1329.9581050942884,0.0,1329.9581050942884,0.0,0.0,0.0,,0.0,0.0,1332.5823054610137
2020-07-15,-1.1352920837036822,0,False,1329.9581050942884,0.0,1329.9581050942884,0.0,0.0,0.0,,0.0,0.0,1332.5823054610137
2020-07-16,-0.8369611584199789,0,False,1329.9581050942884,0.0,1329.9581050942884,0.0,0.0,0.0,,0.0,0.0,1332.5823054610137
2020-07-17,-0.4570817829011613,0,False,1329.9581050942884,0.0,1329.9581050942884,0.0,0.0,0.0,,0.0,0.0,1332.5823054610137
2020-07-20,-0.5752596709631344,0,False,1329.9581050942884,0.0,1329.9581050942884,0.0,0.0,0.0,,0.0,0.0,1332.5823054610137
2020-07-21,-0.8477186277352071,0,False,1329.9581050942884,0.0,1329.9581050942884,0.0,0.0,0.0,,0.0,0.0,1332.5823054610137
2020-07-22,-0.7231450351490458,0,False,1329.9581050942884,0.0,1329.9581050942884,0.0,0.0,0.0,,0.0,0.0,1332.5823054610137
2020-07-23,-0.680357409776065,0,False,1329.9581050942884,0.0,1329.9581050942884,0.0,0.0,0.0,,0.0,0.0,1332.5823054610137
2020-07-24,-0.9387539017638211,0,False,1329.9581050942884,0.0,1329.9581050942884,0.0,0.0,0.0,,0.0,0.0,1332.5823054610137
2020-07-27,-1.4162237979158012,0,False,1329.9581050942884,0.0,1329.9581050942884,0.0,0.0,0.0,,0.0,0.0,1332.5823054610137
2020-07-28,-0.7270124208419383,0,False,1329.9581050942884,0.0,1329.9581050942884,0.0,0.0,0.0,,0.0,0.0,1332.5823054610137
2020-07-29,-0.9195053189518301,0,False,1329.9581050942884,0.0,1329.9581050942884,0.0,0.0,0.0,,0.0,0.0,1332.5823054610137
2020-07-30,-1.0024289835562488,0,False,1329.9581050942884,0.0,1329.9581050942884,0.0,0.0,0.0,,0.0,0.0,1332.5823054610137
2020-07-31,-1.1163911349124684,0,False,1329.9581050942884,0.0,1329.9581050942884,0.0,0.0,0.0,,0.0,0.0,1332.5823054610137
2020-08-03,-1.2726277414751255,0,False,1329.9581050942884,0.0,1329.9581050942884,0.0,0.0,0.0,,0.0,0.0,1332.5823054610137
2020-08-04,-0.7587033980255536,0,False,1329.9581050942884,0.0,1329.9581050942884,0.0,0.0,0.0,,0.0,0.0,1332.5823054610137
2020-08-05,-0.8710092390188763,0,False,1329.9581050942884,0.0,1329.9581050942884,0.0,0.0,0.0,,0.0,0.0,1332.5823054610137
2020-08-06,-0.915576851293147,0,False,1329.9581050942884,0.0,1329.9581050942884,0.0,0.0,0.0,,0.0,0.0,1332.5823054610137
2020-08-07,-0.288694654414763,0,False,1329.9581050942884,0.0,1329.9581050942884,0.0,0.0,0.0,,0.0,0.0,1332.5823054610137
2020-08-10,-1.1243149556004537,0,False,1329.9581050942884,0.0,1329.9581050942884,0.0,0.0,0.0,,0.0,0.0,1332.5823054610137
2020-08-11,-0.7541546761523087,0,False,1329.9581050942884,0.0,1329.9581050942884,0.0,0.0,0.0,,0.0,0.0,1332.5823054610137
2020-08-12,-0.9550857992031857,0,False,1329.9581050942884,0.0,1329.9581050942884,0.0,0.0,0.0,,0.0,0.0,1332.5823054610137
2020-08-13,-1.096183736290292,0,False,1329.9581050942884,0.0,1329.9581050942884,0.0,0.0,0.0,,0.0,0.0,1332.5823054610137
2020-08-14,-1.2995856457357722,0,False,1329.9581050942884,0.0,1329.9581050942884,0.0,0.0,0.0,,0.0,0.0,1332.5823054610137
2020-08-17,-0.9918647370752501,0,False,1329.9581050942884,0.0,1329.9581050942884,0.0,0.0,0.0,,0.0,0.0,1332.5823054610137
2020-08-18,-1.014280947424064,0,False,1329.9581050942884,0.0,1329.9581050942884,0.0,0.0,0.0,,0.0,0.0,1332.5823054610137
2020-08-19,-0.8961771149300902,0,False,1329.9581050942884,0.0,1329.9581050942884,0.0,0.0,0.0,,0.0,0.0,1332.5823054610137
2020-08-20,-0.8436712240909422,0,False,1329.9581050942884,0.0,1329.9581050942884,0.0,0.0,0.0,,0.0,0.0,1332.5823054610137
2020-08-21,-0.7651707424660482,0,False,1329.9581050942884,0.0,1329.9581050942884,0.0,0.0,0.0,,0.0,0.0,1332.5823054610137
2020-08-24,-0.9254774473943578,0,False,1329.9581050942884,0.0,1329.9581050942884,0.0,0.0,0.0,,0.0,0.0,1332.5823054610137
2020-08-25,-0.6937996078957916,0,False,1329.9581050942884,0.0,1329.9581050942884,0.0,0.0,0.0,,0.0,0.0,1332.5823054610137
2020-08-26,-0.8571759869298999,0,False,1329.9581050942884,0.0,1329.9581050942884,0.0,0.0,0.0,,0.0,0.0,1332.5823054610137
2020-08-27,-0.748290647718471,0,False,1329.9581050942884,0.0,1329.9581050942884,0.0,0.0,0.0,,0.0,0.0,1332.5823054610137
2020-08-28,-0.8841772130433299,0,False,1329.9581050942884,0.0,1329.9581050942884,0.0,0.0,0.0,,0.0,0.0,1332.5823054610137
2020-08-31,-0.6990252097914978,0,False,1329.9581050942884,0.0,1329.9581050942884,0.0,0.0,0.0,,0.0,0.0,1332.5823054610137
